,year,per_capita_income
0,2000,24719.392589963274
1,2005,28861.717966076918
2,2010,33004.04334219056
3,2015,37146.36871830397
4,2020,41288.69409441762
5,2025,45431.01947053103
6,2030,49573.34484664467
7,2035,53715.670222758316
8,2040,57857.99559887173
